{
    "target_candidate_num": 1000,
    "target_skill_num": 6,
    "completion_tokens": 197481,
    "prompt_tokens": 12232437,
    "total_tokens": 12429918,
    "token_per_person": 12429.918,
    "completion_cost": 0.1184886,
    "prompt_cost": 1.83486555,
    "total_cost": 1.95335415,
    "cost_per_person": 0.00195335415
}